{
    "5": {
        "bounding_box": {
            "min": [
                0.3559015989303589,
                -0.3422294855117798,
                -0.17031297087669373
            ],
            "max": [
                0.42845961451530457,
                -0.3056790232658386,
                -0.08772958815097809
            ]
        },
        "center": [
            0.3921806067228317,
            -0.3239542543888092,
            -0.1290212795138359
        ],
        "scale": [
            0.07255801558494568,
            0.03655046224594116,
            0.08258338272571564
        ]
    },
    "-1": {
        "bounding_box": {
            "min": [
                -0.49998709559440613,
                -0.3517434597015381,
                -0.31059712171554565
            ],
            "max": [
                0.4999895393848419,
                0.3550802171230316,
                0.3059348165988922
            ]
        },
        "center": [
            1.2218952178955078e-06,
            0.0016683787107467651,
            -0.002331152558326721
        ],
        "scale": [
            0.999976634979248,
            0.7068236768245697,
            0.6165319383144379
        ]
    }
}